time(ms):2024-03-23 18:37:13,AV-01P=0,AV-02P=0,AV-01N=0,AV-02N=0,AV-01O=0,AV-02O=0,AV-01F=0,AV-03P=0,camStart=0,camStop=0,camState1=0,camState2=0,IGN-01=0,batt22-1=0,batt22-2=0,batt20-1=0,batt20-2=0,drogue=0,manualAbort=0
time(ms):2024-03-23 18:37:13,AV-01P=0,AV-02P=0,AV-01N=0,AV-02N=0,AV-01O=0,AV-02O=0,AV-01F=0,AV-03P=0,camStart=0,camStop=0,camState1=0,camState2=0,IGN-01=0,batt22-1=0,batt22-2=0,batt20-1=0,batt20-2=0,drogue=0,manualAbort=0
time(ms):2024-03-23 18:37:14,AV-01P=0,AV-02P=0,AV-01N=0,AV-02N=0,AV-01O=0,AV-02O=0,AV-01F=0,AV-03P=0,camStart=0,camStop=0,camState1=0,camState2=0,IGN-01=0,batt22-1=0,batt22-2=0,batt20-1=0,batt20-2=0,drogue=0,manualAbort=0
time(ms):2024-03-23 18:37:14,AV-01P=0,AV-02P=0,AV-01N=0,AV-02N=0,AV-01O=0,AV-02O=0,AV-01F=0,AV-03P=0,camStart=0,camStop=0,camState1=0,camState2=0,IGN-01=0,batt22-1=0,batt22-2=0,batt20-1=0,batt20-2=0,drogue=0,manualAbort=0
time(ms):2024-03-23 18:37:15,AV-01P=0,AV-02P=0,AV-01N=0,AV-02N=0,AV-01O=0,AV-02O=0,AV-01F=0,AV-03P=0,camStart=0,camStop=0,camState1=0,camState2=0,IGN-01=0,batt22-1=0,batt22-2=0,batt20-1=0,batt20-2=0,drogue=0,manualAbort=0
time(ms):2024-03-23 18:37:15,AV-01P=0,AV-02P=0,AV-01N=0,AV-02N=0,AV-01O=0,AV-02O=0,AV-01F=0,AV-03P=0,camStart=0,camStop=0,camState1=0,camState2=0,IGN-01=0,batt22-1=0,batt22-2=0,batt20-1=0,batt20-2=0,drogue=0,manualAbort=0
time(ms):2024-03-23 18:37:16,AV-01P=0,AV-02P=0,AV-01N=0,AV-02N=0,AV-01O=0,AV-02O=0,AV-01F=0,AV-03P=0,camStart=0,camStop=0,camState1=0,camState2=0,IGN-01=0,batt22-1=0,batt22-2=0,batt20-1=0,batt20-2=0,drogue=0,manualAbort=0
time(ms):2024-03-23 18:37:16,AV-01P=0,AV-02P=0,AV-01N=0,AV-02N=0,AV-01O=0,AV-02O=0,AV-01F=0,AV-03P=0,camStart=0,camStop=0,camState1=0,camState2=0,IGN-01=0,batt22-1=0,batt22-2=0,batt20-1=0,batt20-2=0,drogue=0,manualAbort=0
time(ms):2024-03-23 18:37:17,AV-01P=0,AV-02P=0,AV-01N=0,AV-02N=0,AV-01O=0,AV-02O=0,AV-01F=0,AV-03P=0,camStart=0,camStop=0,camState1=0,camState2=0,IGN-01=0,batt22-1=0,batt22-2=0,batt20-1=0,batt20-2=0,drogue=0,manualAbort=0
time(ms):2024-03-23 18:37:17,AV-01P=0,AV-02P=0,AV-01N=0,AV-02N=0,AV-01O=0,AV-02O=0,AV-01F=0,AV-03P=0,camStart=0,camStop=0,camState1=0,camState2=0,IGN-01=0,batt22-1=0,batt22-2=0,batt20-1=0,batt20-2=0,drogue=0,manualAbort=0
time(ms):2024-03-23 18:37:18,AV-01P=0,AV-02P=0,AV-01N=0,AV-02N=0,AV-01O=0,AV-02O=0,AV-01F=0,AV-03P=0,camStart=0,camStop=0,camState1=0,camState2=0,IGN-01=0,batt22-1=0,batt22-2=0,batt20-1=0,batt20-2=0,drogue=0,manualAbort=0
time(ms):2024-03-23 18:37:18,AV-01P=0,AV-02P=0,AV-01N=0,AV-02N=0,AV-01O=0,AV-02O=0,AV-01F=0,AV-03P=0,camStart=0,camStop=0,camState1=0,camState2=0,IGN-01=0,batt22-1=0,batt22-2=0,batt20-1=0,batt20-2=0,drogue=0,manualAbort=0
time(ms):2024-03-23 18:37:19,AV-01P=0,AV-02P=0,AV-01N=0,AV-02N=0,AV-01O=0,AV-02O=0,AV-01F=0,AV-03P=0,camStart=0,camStop=0,camState1=0,camState2=0,IGN-01=0,batt22-1=0,batt22-2=0,batt20-1=0,batt20-2=0,drogue=0,manualAbort=0
time(ms):2024-03-23 18:37:19,AV-01P=0,AV-02P=0,AV-01N=0,AV-02N=0,AV-01O=0,AV-02O=0,AV-01F=0,AV-03P=0,camStart=0,camStop=0,camState1=0,camState2=0,IGN-01=0,batt22-1=0,batt22-2=0,batt20-1=0,batt20-2=0,drogue=0,manualAbort=0
time(ms):2024-03-23 18:37:20,AV-01P=0,AV-02P=0,AV-01N=0,AV-02N=0,AV-01O=0,AV-02O=0,AV-01F=0,AV-03P=0,camStart=0,camStop=0,camState1=0,camState2=0,IGN-01=0,batt22-1=0,batt22-2=0,batt20-1=0,batt20-2=0,drogue=0,manualAbort=0
time(ms):2024-03-23 18:37:20,AV-01P=0,AV-02P=0,AV-01N=0,AV-02N=0,AV-01O=0,AV-02O=0,AV-01F=0,AV-03P=0,camStart=0,camStop=0,camState1=0,camState2=0,IGN-01=0,batt22-1=0,batt22-2=0,batt20-1=0,batt20-2=0,drogue=0,manualAbort=0
time(ms):2024-03-23 18:37:21,AV-01P=0,AV-02P=0,AV-01N=0,AV-02N=0,AV-01O=0,AV-02O=0,AV-01F=0,AV-03P=0,camStart=0,camStop=0,camState1=0,camState2=0,IGN-01=0,batt22-1=0,batt22-2=0,batt20-1=0,batt20-2=0,drogue=0,manualAbort=0
time(ms):2024-03-23 18:37:21,AV-01P=0,AV-02P=0,AV-01N=0,AV-02N=0,AV-01O=0,AV-02O=0,AV-01F=0,AV-03P=0,camStart=0,camStop=0,camState1=0,camState2=0,IGN-01=0,batt22-1=0,batt22-2=0,batt20-1=0,batt20-2=0,drogue=0,manualAbort=0
time(ms):2024-03-23 18:37:22,AV-01P=0,AV-02P=0,AV-01N=0,AV-02N=0,AV-01O=0,AV-02O=0,AV-01F=0,AV-03P=0,camStart=0,camStop=0,camState1=0,camState2=0,IGN-01=0,batt22-1=0,batt22-2=0,batt20-1=0,batt20-2=0,drogue=0,manualAbort=0
time(ms):2024-03-23 18:37:22,AV-01P=0,AV-02P=0,AV-01N=0,AV-02N=0,AV-01O=0,AV-02O=0,AV-01F=0,AV-03P=0,camStart=0,camStop=0,camState1=0,camState2=0,IGN-01=0,batt22-1=0,batt22-2=0,batt20-1=0,batt20-2=0,drogue=0,manualAbort=0
time(ms):2024-03-23 18:37:23,AV-01P=0,AV-02P=0,AV-01N=0,AV-02N=0,AV-01O=0,AV-02O=0,AV-01F=0,AV-03P=0,camStart=0,camStop=0,camState1=0,camState2=0,IGN-01=0,batt22-1=0,batt22-2=0,batt20-1=0,batt20-2=0,drogue=0,manualAbort=0
time(ms):2024-03-23 18:37:23,AV-01P=0,AV-02P=0,AV-01N=0,AV-02N=0,AV-01O=0,AV-02O=0,AV-01F=0,AV-03P=0,camStart=0,camStop=0,camState1=0,camState2=0,IGN-01=0,batt22-1=0,batt22-2=0,batt20-1=0,batt20-2=0,drogue=0,manualAbort=0
time(ms):2024-03-23 18:37:24,AV-01P=0,AV-02P=0,AV-01N=0,AV-02N=0,AV-01O=0,AV-02O=0,AV-01F=0,AV-03P=0,camStart=0,camStop=0,camState1=0,camState2=0,IGN-01=0,batt22-1=0,batt22-2=0,batt20-1=0,batt20-2=0,drogue=0,manualAbort=0
time(ms):2024-03-23 18:37:24,AV-01P=0,AV-02P=0,AV-01N=0,AV-02N=0,AV-01O=0,AV-02O=0,AV-01F=0,AV-03P=0,camStart=0,camStop=0,camState1=0,camState2=0,IGN-01=0,batt22-1=0,batt22-2=0,batt20-1=0,batt20-2=0,drogue=0,manualAbort=0
time(ms):2024-03-23 18:37:25,AV-01P=0,AV-02P=0,AV-01N=0,AV-02N=0,AV-01O=0,AV-02O=0,AV-01F=0,AV-03P=0,camStart=0,camStop=0,camState1=0,camState2=0,IGN-01=0,batt22-1=0,batt22-2=0,batt20-1=0,batt20-2=0,drogue=0,manualAbort=0
time(ms):2024-03-23 18:37:25,AV-01P=0,AV-02P=0,AV-01N=0,AV-02N=0,AV-01O=0,AV-02O=0,AV-01F=0,AV-03P=0,camStart=0,camStop=0,camState1=0,camState2=0,IGN-01=0,batt22-1=0,batt22-2=0,batt20-1=0,batt20-2=0,drogue=0,manualAbort=0
time(ms):2024-03-23 18:37:26,AV-01P=0,AV-02P=0,AV-01N=0,AV-02N=0,AV-01O=0,AV-02O=0,AV-01F=0,AV-03P=0,camStart=0,camStop=0,camState1=0,camState2=0,IGN-01=0,batt22-1=0,batt22-2=0,batt20-1=0,batt20-2=0,drogue=0,manualAbort=0
time(ms):2024-03-23 18:37:26,AV-01P=0,AV-02P=0,AV-01N=0,AV-02N=0,AV-01O=0,AV-02O=0,AV-01F=0,AV-03P=0,camStart=0,camStop=0,camState1=0,camState2=0,IGN-01=0,batt22-1=0,batt22-2=0,batt20-1=0,batt20-2=0,drogue=0,manualAbort=0
time(ms):2024-03-23 18:37:27,AV-01P=0,AV-02P=0,AV-01N=0,AV-02N=0,AV-01O=0,AV-02O=0,AV-01F=0,AV-03P=0,camStart=0,camStop=0,camState1=0,camState2=0,IGN-01=0,batt22-1=0,batt22-2=0,batt20-1=0,batt20-2=0,drogue=0,manualAbort=0
time(ms):2024-03-23 18:37:27,AV-01P=0,AV-02P=0,AV-01N=0,AV-02N=0,AV-01O=0,AV-02O=0,AV-01F=0,AV-03P=0,camStart=0,camStop=0,camState1=0,camState2=0,IGN-01=0,batt22-1=0,batt22-2=0,batt20-1=0,batt20-2=0,drogue=0,manualAbort=0
time(ms):2024-03-23 18:37:28,AV-01P=0,AV-02P=0,AV-01N=0,AV-02N=0,AV-01O=0,AV-02O=0,AV-01F=0,AV-03P=0,camStart=0,camStop=0,camState1=0,camState2=0,IGN-01=0,batt22-1=0,batt22-2=0,batt20-1=0,batt20-2=0,drogue=0,manualAbort=0
time(ms):2024-03-23 18:37:28,AV-01P=0,AV-02P=0,AV-01N=0,AV-02N=0,AV-01O=0,AV-02O=0,AV-01F=0,AV-03P=0,camStart=0,camStop=0,camState1=0,camState2=0,IGN-01=0,batt22-1=0,batt22-2=0,batt20-1=0,batt20-2=0,drogue=0,manualAbort=0
time(ms):2024-03-23 18:37:29,AV-01P=0,AV-02P=0,AV-01N=0,AV-02N=0,AV-01O=0,AV-02O=0,AV-01F=0,AV-03P=0,camStart=0,camStop=0,camState1=0,camState2=0,IGN-01=0,batt22-1=0,batt22-2=0,batt20-1=0,batt20-2=0,drogue=0,manualAbort=0
time(ms):2024-03-23 18:37:29,AV-01P=0,AV-02P=0,AV-01N=0,AV-02N=0,AV-01O=0,AV-02O=0,AV-01F=0,AV-03P=0,camStart=0,camStop=0,camState1=0,camState2=0,IGN-01=0,batt22-1=0,batt22-2=0,batt20-1=0,batt20-2=0,drogue=0,manualAbort=0
time(ms):2024-03-23 18:37:30,AV-01P=0,AV-02P=0,AV-01N=0,AV-02N=0,AV-01O=0,AV-02O=0,AV-01F=0,AV-03P=0,camStart=0,camStop=0,camState1=0,camState2=0,IGN-01=0,batt22-1=0,batt22-2=0,batt20-1=0,batt20-2=0,drogue=0,manualAbort=0
time(ms):2024-03-23 18:37:30,AV-01P=0,AV-02P=0,AV-01N=0,AV-02N=0,AV-01O=0,AV-02O=0,AV-01F=0,AV-03P=0,camStart=0,camStop=0,camState1=0,camState2=0,IGN-01=0,batt22-1=0,batt22-2=0,batt20-1=0,batt20-2=0,drogue=0,manualAbort=0
time(ms):2024-03-23 18:37:31,AV-01P=0,AV-02P=0,AV-01N=0,AV-02N=0,AV-01O=0,AV-02O=0,AV-01F=0,AV-03P=0,camStart=0,camStop=0,camState1=0,camState2=0,IGN-01=0,batt22-1=0,batt22-2=0,batt20-1=0,batt20-2=0,drogue=0,manualAbort=0
time(ms):2024-03-23 18:37:31,AV-01P=0,AV-02P=0,AV-01N=0,AV-02N=0,AV-01O=0,AV-02O=0,AV-01F=0,AV-03P=0,camStart=0,camStop=0,camState1=0,camState2=0,IGN-01=0,batt22-1=0,batt22-2=0,batt20-1=0,batt20-2=0,drogue=0,manualAbort=0
time(ms):2024-03-23 18:37:32,AV-01P=0,AV-02P=0,AV-01N=0,AV-02N=0,AV-01O=0,AV-02O=0,AV-01F=0,AV-03P=0,camStart=0,camStop=0,camState1=0,camState2=0,IGN-01=0,batt22-1=0,batt22-2=0,batt20-1=0,batt20-2=0,drogue=0,manualAbort=0
time(ms):2024-03-23 18:37:32,AV-01P=0,AV-02P=0,AV-01N=0,AV-02N=0,AV-01O=0,AV-02O=0,AV-01F=0,AV-03P=0,camStart=0,camStop=0,camState1=0,camState2=0,IGN-01=0,batt22-1=0,batt22-2=0,batt20-1=0,batt20-2=0,drogue=0,manualAbort=0
time(ms):2024-03-23 18:37:33,AV-01P=0,AV-02P=0,AV-01N=0,AV-02N=0,AV-01O=0,AV-02O=0,AV-01F=0,AV-03P=0,camStart=0,camStop=0,camState1=0,camState2=0,IGN-01=0,batt22-1=0,batt22-2=0,batt20-1=0,batt20-2=0,drogue=0,manualAbort=0
time(ms):2024-03-23 18:37:33,AV-01P=0,AV-02P=0,AV-01N=0,AV-02N=0,AV-01O=0,AV-02O=0,AV-01F=0,AV-03P=0,camStart=0,camStop=0,camState1=0,camState2=0,IGN-01=0,batt22-1=0,batt22-2=0,batt20-1=0,batt20-2=0,drogue=0,manualAbort=0
time(ms):2024-03-23 18:37:34,AV-01P=0,AV-02P=0,AV-01N=0,AV-02N=0,AV-01O=0,AV-02O=0,AV-01F=0,AV-03P=0,camStart=0,camStop=0,camState1=0,camState2=0,IGN-01=0,batt22-1=0,batt22-2=0,batt20-1=0,batt20-2=0,drogue=0,manualAbort=0
time(ms):2024-03-23 18:37:34,AV-01P=0,AV-02P=0,AV-01N=0,AV-02N=0,AV-01O=0,AV-02O=0,AV-01F=0,AV-03P=0,camStart=0,camStop=0,camState1=0,camState2=0,IGN-01=0,batt22-1=0,batt22-2=0,batt20-1=0,batt20-2=0,drogue=0,manualAbort=0
time(ms):2024-03-23 18:37:35,AV-01P=0,AV-02P=0,AV-01N=0,AV-02N=0,AV-01O=0,AV-02O=0,AV-01F=0,AV-03P=0,camStart=0,camStop=0,camState1=0,camState2=0,IGN-01=0,batt22-1=0,batt22-2=0,batt20-1=0,batt20-2=0,drogue=0,manualAbort=0
time(ms):2024-03-23 18:37:35,AV-01P=0,AV-02P=0,AV-01N=0,AV-02N=0,AV-01O=0,AV-02O=0,AV-01F=0,AV-03P=0,camStart=0,camStop=0,camState1=0,camState2=0,IGN-01=0,batt22-1=0,batt22-2=0,batt20-1=0,batt20-2=0,drogue=0,manualAbort=0
time(ms):2024-03-23 18:37:36,AV-01P=0,AV-02P=0,AV-01N=0,AV-02N=0,AV-01O=0,AV-02O=0,AV-01F=0,AV-03P=0,camStart=0,camStop=0,camState1=0,camState2=0,IGN-01=0,batt22-1=0,batt22-2=0,batt20-1=0,batt20-2=0,drogue=0,manualAbort=0
time(ms):2024-03-23 18:37:36,AV-01P=0,AV-02P=0,AV-01N=0,AV-02N=0,AV-01O=0,AV-02O=0,AV-01F=0,AV-03P=0,camStart=0,camStop=0,camState1=0,camState2=0,IGN-01=0,batt22-1=0,batt22-2=0,batt20-1=0,batt20-2=0,drogue=0,manualAbort=0
time(ms):2024-03-23 18:37:37,AV-01P=0,AV-02P=0,AV-01N=0,AV-02N=0,AV-01O=0,AV-02O=0,AV-01F=0,AV-03P=0,camStart=0,camStop=0,camState1=0,camState2=0,IGN-01=0,batt22-1=0,batt22-2=0,batt20-1=0,batt20-2=0,drogue=0,manualAbort=0
time(ms):2024-03-23 18:37:37,AV-01P=0,AV-02P=0,AV-01N=0,AV-02N=0,AV-01O=0,AV-02O=0,AV-01F=0,AV-03P=0,camStart=0,camStop=0,camState1=0,camState2=0,IGN-01=0,batt22-1=0,batt22-2=0,batt20-1=0,batt20-2=0,drogue=0,manualAbort=0
time(ms):2024-03-23 18:37:38,AV-01P=0,AV-02P=0,AV-01N=0,AV-02N=0,AV-01O=0,AV-02O=0,AV-01F=0,AV-03P=0,camStart=0,camStop=0,camState1=0,camState2=0,IGN-01=0,batt22-1=0,batt22-2=0,batt20-1=0,batt20-2=0,drogue=0,manualAbort=0
time(ms):2024-03-23 18:37:38,AV-01P=0,AV-02P=0,AV-01N=0,AV-02N=0,AV-01O=0,AV-02O=0,AV-01F=0,AV-03P=0,camStart=0,camStop=0,camState1=0,camState2=0,IGN-01=0,batt22-1=0,batt22-2=0,batt20-1=0,batt20-2=0,drogue=0,manualAbort=0
time(ms):2024-03-23 18:37:39,AV-01P=0,AV-02P=0,AV-01N=0,AV-02N=0,AV-01O=0,AV-02O=0,AV-01F=0,AV-03P=0,camStart=0,camStop=0,camState1=0,camState2=0,IGN-01=0,batt22-1=0,batt22-2=0,batt20-1=0,batt20-2=0,drogue=0,manualAbort=0
time(ms):2024-03-23 18:37:39,AV-01P=0,AV-02P=0,AV-01N=0,AV-02N=0,AV-01O=0,AV-02O=0,AV-01F=0,AV-03P=0,camStart=0,camStop=0,camState1=0,camState2=0,IGN-01=0,batt22-1=0,batt22-2=0,batt20-1=0,batt20-2=0,drogue=0,manualAbort=0
time(ms):2024-03-23 18:37:40,AV-01P=0,AV-02P=0,AV-01N=0,AV-02N=0,AV-01O=0,AV-02O=0,AV-01F=0,AV-03P=0,camStart=0,camStop=0,camState1=0,camState2=0,IGN-01=0,batt22-1=0,batt22-2=0,batt20-1=0,batt20-2=0,drogue=0,manualAbort=0
time(ms):2024-03-23 18:37:40,AV-01P=0,AV-02P=0,AV-01N=0,AV-02N=0,AV-01O=0,AV-02O=0,AV-01F=0,AV-03P=0,camStart=0,camStop=0,camState1=0,camState2=0,IGN-01=0,batt22-1=0,batt22-2=0,batt20-1=0,batt20-2=0,drogue=0,manualAbort=0
time(ms):2024-03-23 18:37:41,AV-01P=0,AV-02P=0,AV-01N=0,AV-02N=0,AV-01O=0,AV-02O=0,AV-01F=0,AV-03P=0,camStart=0,camStop=0,camState1=0,camState2=0,IGN-01=0,batt22-1=0,batt22-2=0,batt20-1=0,batt20-2=0,drogue=0,manualAbort=0
time(ms):2024-03-23 18:37:41,AV-01P=0,AV-02P=0,AV-01N=0,AV-02N=0,AV-01O=0,AV-02O=0,AV-01F=0,AV-03P=0,camStart=0,camStop=0,camState1=0,camState2=0,IGN-01=0,batt22-1=0,batt22-2=0,batt20-1=0,batt20-2=0,drogue=0,manualAbort=0
time(ms):2024-03-23 18:37:42,AV-01P=0,AV-02P=0,AV-01N=0,AV-02N=0,AV-01O=0,AV-02O=0,AV-01F=0,AV-03P=0,camStart=0,camStop=0,camState1=0,camState2=0,IGN-01=0,batt22-1=0,batt22-2=0,batt20-1=0,batt20-2=0,drogue=0,manualAbort=0
time(ms):2024-03-23 18:37:42,AV-01P=0,AV-02P=0,AV-01N=0,AV-02N=0,AV-01O=0,AV-02O=0,AV-01F=0,AV-03P=0,camStart=0,camStop=0,camState1=0,camState2=0,IGN-01=0,batt22-1=0,batt22-2=0,batt20-1=0,batt20-2=0,drogue=0,manualAbort=0
time(ms):2024-03-23 18:37:43,AV-01P=0,AV-02P=0,AV-01N=0,AV-02N=0,AV-01O=0,AV-02O=0,AV-01F=0,AV-03P=0,camStart=0,camStop=0,camState1=0,camState2=0,IGN-01=0,batt22-1=0,batt22-2=0,batt20-1=0,batt20-2=0,drogue=0,manualAbort=0
time(ms):2024-03-23 18:37:43,AV-01P=0,AV-02P=0,AV-01N=0,AV-02N=0,AV-01O=0,AV-02O=0,AV-01F=0,AV-03P=0,camStart=0,camStop=0,camState1=0,camState2=0,IGN-01=0,batt22-1=0,batt22-2=0,batt20-1=0,batt20-2=0,drogue=0,manualAbort=0
time(ms):2024-03-23 18:37:44,AV-01P=0,AV-02P=0,AV-01N=0,AV-02N=0,AV-01O=0,AV-02O=0,AV-01F=0,AV-03P=0,camStart=0,camStop=0,camState1=0,camState2=0,IGN-01=0,batt22-1=0,batt22-2=0,batt20-1=0,batt20-2=0,drogue=0,manualAbort=0
time(ms):2024-03-23 18:37:44,AV-01P=0,AV-02P=0,AV-01N=0,AV-02N=0,AV-01O=0,AV-02O=0,AV-01F=0,AV-03P=0,camStart=0,camStop=0,camState1=0,camState2=0,IGN-01=0,batt22-1=0,batt22-2=0,batt20-1=0,batt20-2=0,drogue=0,manualAbort=0
time(ms):2024-03-23 18:37:45,AV-01P=0,AV-02P=0,AV-01N=0,AV-02N=0,AV-01O=0,AV-02O=0,AV-01F=0,AV-03P=0,camStart=0,camStop=0,camState1=0,camState2=0,IGN-01=0,batt22-1=0,batt22-2=0,batt20-1=0,batt20-2=0,drogue=0,manualAbort=0
time(ms):2024-03-23 18:37:45,AV-01P=0,AV-02P=0,AV-01N=0,AV-02N=0,AV-01O=0,AV-02O=0,AV-01F=0,AV-03P=0,camStart=0,camStop=0,camState1=0,camState2=0,IGN-01=0,batt22-1=0,batt22-2=0,batt20-1=0,batt20-2=0,drogue=0,manualAbort=0
time(ms):2024-03-23 18:37:46,AV-01P=0,AV-02P=0,AV-01N=0,AV-02N=0,AV-01O=0,AV-02O=0,AV-01F=0,AV-03P=0,camStart=0,camStop=0,camState1=0,camState2=0,IGN-01=0,batt22-1=0,batt22-2=0,batt20-1=0,batt20-2=0,drogue=0,manualAbort=0
time(ms):2024-03-23 18:37:46,AV-01P=0,AV-02P=0,AV-01N=0,AV-02N=0,AV-01O=0,AV-02O=0,AV-01F=0,AV-03P=0,camStart=0,camStop=0,camState1=0,camState2=0,IGN-01=0,batt22-1=0,batt22-2=0,batt20-1=0,batt20-2=0,drogue=0,manualAbort=0
time(ms):2024-03-23 18:37:47,AV-01P=0,AV-02P=0,AV-01N=0,AV-02N=0,AV-01O=0,AV-02O=0,AV-01F=0,AV-03P=0,camStart=0,camStop=0,camState1=0,camState2=0,IGN-01=0,batt22-1=0,batt22-2=0,batt20-1=0,batt20-2=0,drogue=0,manualAbort=0
time(ms):2024-03-23 18:37:47,AV-01P=0,AV-02P=0,AV-01N=0,AV-02N=0,AV-01O=0,AV-02O=0,AV-01F=0,AV-03P=0,camStart=0,camStop=0,camState1=0,camState2=0,IGN-01=0,batt22-1=0,batt22-2=0,batt20-1=0,batt20-2=0,drogue=0,manualAbort=0
time(ms):2024-03-23 18:37:48,AV-01P=0,AV-02P=0,AV-01N=0,AV-02N=0,AV-01O=0,AV-02O=0,AV-01F=0,AV-03P=0,camStart=0,camStop=0,camState1=0,camState2=0,IGN-01=0,batt22-1=0,batt22-2=0,batt20-1=0,batt20-2=0,drogue=0,manualAbort=0
time(ms):2024-03-23 18:37:48,AV-01P=0,AV-02P=0,AV-01N=0,AV-02N=0,AV-01O=0,AV-02O=0,AV-01F=0,AV-03P=0,camStart=0,camStop=0,camState1=0,camState2=0,IGN-01=0,batt22-1=0,batt22-2=0,batt20-1=0,batt20-2=0,drogue=0,manualAbort=0
time(ms):2024-03-23 18:37:49,AV-01P=0,AV-02P=0,AV-01N=0,AV-02N=0,AV-01O=0,AV-02O=0,AV-01F=0,AV-03P=0,camStart=0,camStop=0,camState1=0,camState2=0,IGN-01=0,batt22-1=0,batt22-2=0,batt20-1=0,batt20-2=0,drogue=0,manualAbort=0
